timestamp,cpu_adservice_5f85fdddc7_fj6t4,cpu_cartservice_6b8f87965b_qpqs6,cpu_cartservice_6b8f87965b_rsd9v,cpu_checkoutservice_5b59b6549c_tzm6v,cpu_currencyservice_858c775d59_zfwwk,cpu_emailservice_57459bdb89_qfw9k,cpu_frontend_674478c45b_js9jw,cpu_loadgenerator_7db767bc4d_vxqp8,cpu_paymentservice_5cddfb6b65_bqhnk,cpu_productcatalogservice_769479847c_9vqxl,cpu_recommendationservice_854ff64cf7_j8p46,cpu_redis_cart_bf5c68f69_lgndh,cpu_shippingservice_759b59d959_7rv4q,anomaly_score,threshold,prediction,label
2026-06-12 15:04:45+08:00,0.0001045340707178,0.0,0.0140013128566796,0.00018782344918,0.0006695555175766,0.0009490980638728,0.0001923989114458,0.0,0.000503757307252,0.0001974247079896,0.0017339624010518,0.0015896401737756,0.0001876666666666,0.008050208501056623,61.57766840911885,0,0
2026-06-12 15:05:00+08:00,0.0053233325463171,0.0,0.0117009640471979,0.0003415426515054,0.0007747749999999,0.0020770315276189,0.0002007968308754,0.0,0.000890325,0.0002203290059829,0.0025167047592241,0.0017508999999999,0.0002817530986261,0.0059034047786167216,61.57766840911885,0,0
2026-06-12 15:05:15+08:00,0.0055200797619992,0.0,0.0117450066252333,0.0002968375708019,0.0009830239538129,0.0019922578799806,0.0001970349557276,0.0,0.0008628402176262,0.0002048936804968,0.0025490118165837,0.0019082291452565,0.0002510667571596,0.00533066899633247,61.57766840911885,0,0
2026-06-12 15:05:30+08:00,0.0071320821079074,0.0,0.0051649488917695,0.0004239151032783,0.0008258213052333,0.0019951053783254,0.0001598540010056,0.0,0.0008534843103008,7.20879926814e-05,0.0023483036763811,0.0022289782614023,0.0003744115590771,0.00354901192188566,61.57766840911885,0,0
2026-06-12 15:05:45+08:00,0.0020242005615325,0.0,0.0072043701799485,0.0003715965534718,0.0003341817488349,0.0018163705975213,0.0001640809266733,0.0,0.0005458632233381,0.0003240361938682,0.0016967131803452,0.0015351719195189,0.0005642583398658,0.007585019629998641,61.57766840911885,0,0
2026-06-12 15:06:00+08:00,0.0007716764073054,0.0,0.0050762076693227,0.0002984355991258,0.0005183161441613,0.00167335,0.0001707021791767,0.0,0.0008722661396574,0.0001811873051478,0.0014659133131192,0.0017659,0.0005704309548394,0.0039015958196274747,61.57766840911885,0,0
2026-06-12 15:06:15+08:00,0.0011928806936133,0.0,0.0076298794195789,0.0003463624537176,0.0012595731667358,0.0024088870413722,0.0001665569733126,0.0,0.0008673974304923,0.0002221972570274,0.001916187363372,0.0022630029871727,0.0004831727805857,0.0037962211790805154,61.57766840911885,0,0
2026-06-12 15:06:30+08:00,0.0010782518912693,0.0,0.0053359454855195,0.000258252940937,0.0013029251965637,0.0022172111272759,0.0001346098690655,0.0,0.000740096359743,0.0002933199397287,0.0017312869759067,0.0018803323145796,0.0003565897613625,0.0032499937465985083,61.57766840911885,0,0
2026-06-12 15:06:45+08:00,0.0007447921861818,0.0,0.0042608574351343,0.0002278763732946,0.0012243537824265,0.0015830042680277,0.0001476643506146,0.0,0.0006007525832719,0.0002768972266971,0.0016926467023644,0.0014390638043186,0.0002755482950588,0.0028037868408367726,61.57766840911885,0,0
2026-06-12 15:07:00+08:00,0.0018276831196205,0.0,0.0031681367144432,0.0002981796763245,0.0006007976359224,0.0022438258382335,0.000175651547232,0.0,0.0006674112734864,0.0003618180856129,0.001766079304821,0.0019222449686907,0.000301477364761,0.003994657071784922,61.57766840911885,0,0
2026-06-12 15:07:15+08:00,0.0020305635747458,0.0,0.0060280045738129,0.0002293555816559,0.0007623226714268,0.0026749061259521,0.000260356117663,0.0,0.0006000849888452,0.0002845783690589,0.0027232707172586,0.0021670126405298,0.0005420028105969,0.00308094935626025,61.57766840911885,0,0
2026-06-12 15:07:30+08:00,0.001042975,0.0,0.0062569409476447,0.000166175,0.0006980620140342,0.0019459112825436,0.0002337011725439,0.0,0.0005621891389271,0.000151275,0.0031171347370351,0.0017400996453446,0.0005328419208874,0.005275773407464517,61.57766840911885,0,0
2026-06-12 15:07:45+08:00,0.001234909200626,0.0,0.0057799153439153,6.72062277273e-05,0.0006463273311897,0.0022785952652914,0.0002528650067584,0.0,0.0002458010728901,0.00020166734738,0.0025627392692233,0.0016474018661518,0.0005328419208874,0.004277781185230657,61.57766840911885,0,0
2026-06-12 15:08:00+08:00,0.0007276428986927,0.0,0.0007522680319769,0.0003573983454389,0.0005150903891328,0.0016341234707896,0.0001095237090341,0.0,0.0003748017908777,0.0002325904084641,0.0014727282795282,0.0016832146600643,0.000398268633963,0.0031839295915051867,61.57766840911885,0,0
2026-06-12 15:08:15+08:00,0.0007622699310337,0.0,0.0007601430338035,5.03618779547e-05,0.0014456666666666,0.0024397247271001,0.000165149403064,0.0,0.0003542475826125,0.0001934781494953,0.0011291532703943,0.0015884664097926,0.0004463119981991,0.004662358030319034,61.57766840911885,0,0
2026-06-12 15:08:30+08:00,0.0011082439678284,0.0,0.0010026133992423,0.0001266906124782,0.0015872487191561,0.0024101374607178,0.0001910655251335,0.0,0.0004038395978929,0.0003417027925092,0.0016237198137248,0.0017546340033876,0.0003106844186486,0.0031652601231707224,61.57766840911885,0,0
2026-06-12 15:08:45+08:00,0.000757506632653,0.0,0.001021580949231,0.0001598253104069,0.0014481606935594,0.0023299170538932,0.0002013018266828,0.0,0.000350976001356,0.0002644686561829,0.0020483787661406,0.0019977900295438,0.0003820276973956,0.004285897845641379,61.57766840911885,0,0
2026-06-12 15:09:00+08:00,0.001582596442502,0.0,0.0008590920041172,0.0001910478477105,0.0005754937181594,0.0021934862035729,0.0001840388900141,0.0,0.0004171739325038,0.0002894982794511,0.0020691893603546,0.0019563598450997,0.000405311812179,0.0025258599838829227,61.57766840911885,0,0
2026-06-12 15:09:15+08:00,0.0019885132587658,0.0,0.000873126767698,0.0002487797909573,0.000495792241946,0.0021757732661125,0.0002112713032444,0.0,0.0004416456080056,0.0002159788359788,0.0021570173292942,0.0022277732793522,0.0004428958415186,0.003221067029359124,61.57766840911885,0,0
2026-06-12 15:09:30+08:00,0.0012310288575125,0.0,0.0008798401586023,0.0002439388145441,0.0006142027166541,0.0022854774253889,0.0002016833047909,0.0,0.0003485596910112,0.0002323885068462,0.0021265826573677,0.0021031801031801,0.0004495514981869,0.005855935189658489,61.57766840911885,0,0
2026-06-12 15:09:45+08:00,0.0010611576332014,0.0,0.0029297747333834,0.0001840794579255,0.0005506266786034,0.002145292955892,0.0001650172564347,0.0,0.0004068961169944,0.0002597028475653,0.0017122691374914,0.0019571563088512,0.0002751902912949,0.004015153562494396,61.57766840911885,0,0
2026-06-12 15:10:00+08:00,0.0010306612649708,0.0,0.0190052662375658,0.0001911227602801,0.0005277254869864,0.002227554342119,0.0001561152390014,0.0,0.0003857290233837,0.0002291455291367,0.0017523185911904,0.0019247380675203,0.0003485296592849,0.016371692712715158,61.57766840911885,0,0
2026-06-12 15:10:15+08:00,0.0010913114088509,0.0,0.0103980533340167,0.0003131567979416,0.000447404082324,0.0021089369995987,0.0002279465118689,0.0,0.0006543816543816,0.0002331688055281,0.0016894047214353,0.0019781671306151,0.0002708459143268,0.005680745669211539,61.57766840911885,0,0
2026-06-12 15:10:30+08:00,0.0013080481643098,0.0,0.0108135463598091,0.000333587222453,0.0004768846774015,0.0022497216997428,0.0002559135103758,0.0,0.0005694041400657,0.0001919270203927,0.0020514004245584,0.0019864617433279,0.0003535008495037,0.009057764689036525,61.57766840911885,0,0
2026-06-12 15:10:45+08:00,0.0015042972186506,0.0,0.005940469317057,0.0004371239038015,0.0008110771878777,0.0023660678642714,0.0013864184209922,0.0,0.0003901191805378,0.0003732510389259,0.0016306852343981,0.0019787651961565,0.0003635560838923,0.00760505790581132,61.57766840911885,0,0
2026-06-12 15:11:00+08:00,0.0015058065824838,0.0,0.0074395349314927,0.0003184209279181,0.0007975455233693,0.0023516583265448,0.0013763908368396,0.0,0.0004731219429099,0.0004276311247151,0.0020339982250771,0.0019040075078288,0.0004086017686543,0.00737097959781692,61.57766840911885,0,0
2026-06-12 15:11:15+08:00,0.0008333683340129,0.0,0.0029188193147969,0.0003394599388981,0.0010581127202287,0.0025752695155215,0.0012578982844469,0.0,0.0004527128415732,0.0001613579277713,0.0020644500690289,0.0021372344723468,0.0005649170477812,0.016867923626274515,61.57766840911885,0,0
2026-06-12 15:11:30+08:00,0.0025078590279561,0.0,0.0032390114011401,0.0004027398001907,0.0009594723046346,0.0026518174734916,0.0004921242991054,0.0,0.0008037791282649,0.0002170722286597,0.0019855265841162,0.002063245524005,0.0005420556532719,0.010015469029998609,61.57766840911885,0,0
2026-06-12 15:11:45+08:00,0.0027337756629359,0.0,0.0018295017433195,0.000431904146026,0.0009639570552147,0.0024619250642346,0.000599113643558,0.0,0.0018920406435224,0.0006337034917,0.0022847565841979,0.0019386621753874,0.0004943810608906,0.018898578853867257,61.57766840911885,0,0
2026-06-12 15:12:00+08:00,0.0023048799623411,0.0,0.0024928889391881,0.0004062641852019,0.0006758624259206,0.0018857377497946,0.0005082389056927,0.0,0.0028202038651897,0.0007155725898982,0.0023436721508938,0.0019099786610727,0.0005789698767807,0.04677115497499664,61.57766840911885,0,0
2026-06-12 15:12:15+08:00,0.0011654751429828,0.0,0.0017301774689283,0.0002228736789129,0.0008983291260968,0.0018449190357253,0.0001849514669471,0.0,0.0020430322336806,0.0001183999999999,0.0020072675308767,0.0015637022034779,0.0006251729305971,0.01939531773915659,61.57766840911885,0,0
2026-06-12 15:12:30+08:00,0.0010695932733672,0.0,0.0013876442219644,0.0004988491669658,0.0010057314720236,0.0022337818494131,0.0001431939582635,0.0,0.0003914444852837,0.0003004592054677,0.0022695112886741,0.0019468728842247,0.0003557185307405,0.009039095055328985,61.57766840911885,0,0
2026-06-12 15:12:45+08:00,0.0013720734219891,0.0,0.0012511001153898,0.0006384842448822,0.0009247166625766,0.0023671168571318,0.0002611294802274,0.0,0.0006347641337184,0.0006373255904591,0.0015419903597014,0.0020437849189681,0.0004685179514659,0.007087051614643417,61.57766840911885,0,0
2026-06-12 15:13:00+08:00,0.0020538855292511,0.0,0.0018934198439241,0.0004255064935064,0.0011183646734532,0.0025488081389617,0.001120246005938,0.0,0.00058934252386,0.0009164552721007,0.0025851732283843,0.0021380392386873,0.0005189275580935,0.008793670615770967,61.57766840911885,0,0
2026-06-12 15:13:15+08:00,0.0022061187451387,0.0,0.0018113729026187,0.000522634200332,0.0010199603298882,0.0033571655906156,0.00103215,0.0,0.0013333394721818,0.0007870574913215,0.0026132175729116,0.002776843882476,0.000556302753563,0.0171019719599346,61.57766840911885,0,0
2026-06-12 15:13:30+08:00,0.0014577217846763,0.0,0.002058056655498,0.0004825511672529,0.0008116750241545,0.0031602517278768,0.0011499695678636,0.0,0.001214030625577,0.0004645839200438,0.0027899320457516,0.0029054981815352,0.0008288944284089,0.16507497777877833,61.57766840911885,0,0
2026-06-12 15:13:45+08:00,0.001591626984982,0.0,0.0019185197987479,0.000622509893353,0.0008393704225631,0.003982597353016,0.0002535518053375,0.0,0.0013271346689028,0.0004725719985039,0.0032623540811147,0.0030432682907754,0.0008079894535215,0.2677634096178536,61.57766840911885,0,0
2026-06-12 15:14:00+08:00,0.0010273345090111,0.0,0.001687114551896,0.0005336577453365,0.0008641975308641,0.0025916666666666,0.0001598243584598,0.0,0.0014281675501507,0.0003277938679716,0.0019196641359795,0.0027225063691716,0.0006232576148683,0.06309236937941243,61.57766840911885,0,0
2026-06-12 15:14:15+08:00,0.0013073730138811,0.0,0.0016070041761301,0.0004682354969399,0.0005902345316754,0.0025095792093534,0.0001683653863748,0.0,0.0006029337761674,0.0003137553460668,0.0017157442172804,0.002429789090909,0.0004108202568404,0.060385520723451505,61.57766840911885,0,0
2026-06-12 15:14:30+08:00,0.0014363526103974,0.0,0.0009696193299654,0.0003618591574045,0.0005931534055179,0.0025981633074224,0.0001928015311147,0.0,0.0009408541570005,0.0002320356999195,0.002397978973155,0.0017115750828895,0.0004658686189157,0.16440777169428392,61.57766840911885,0,0
2026-06-12 15:14:45+08:00,0.0013940529459739,0.0,0.0008640866634073,0.0004021204281438,0.0007263018187096,0.0024906854130052,0.0002909118664766,0.0,0.0008918997067206,0.0003675199926463,0.0023342748231836,0.0024012338626756,0.0004614583333333,0.13020947321084056,61.57766840911885,0,0
2026-06-12 15:15:00+08:00,0.0011748844767176,0.0,0.0006462061825173,0.0003994276887234,0.0008576485219554,0.002649759008492,0.0003001079525008,0.0,0.0011093129942866,0.0003877137810709,0.0023424480813497,0.0024361977795099,0.0004222408276769,0.18365170979773623,61.57766840911885,0,0
2026-06-12 15:15:15+08:00,0.0014555127391317,0.0,0.0020898331463317,0.00032422582238,0.0006935611672641,0.0024060760786315,0.0002677839774341,0.0,0.0008633158393637,0.000400105601956,0.0021894289479056,0.0022090756657253,0.0004557076417818,0.07427060706254429,61.57766840911885,0,0
2026-06-12 15:15:30+08:00,0.0013234535006224,0.0,0.0018099413086008,0.0001461374264897,0.0006337386981199,0.0018813073678651,0.0001829574611748,0.0,0.0008155648614175,0.0004093562940012,0.0021430905218938,0.002344581214847,0.0003039931620684,0.11574263056080746,61.57766840911885,0,0
2026-06-12 15:15:45+08:00,0.0015449203574203,0.0,0.0005732333333333,0.0001601572515169,0.0003025601068566,0.001460678965386,0.0001244374212389,0.0,0.0003067537761398,0.000152219511151,0.0011469640324867,0.0014330089737023,0.0002648391377968,0.4476544642797703,61.57766840911885,0,0
2026-06-12 15:16:00+08:00,0.00121338193841,0.0,0.0008767173278378,0.0002156969102705,0.0003963507450729,0.0018492732225135,0.0001132955843398,0.0,0.0003993980532786,0.000149907425142,0.0015161630277898,0.0016452104066906,0.0002715104788368,0.32561063432265436,61.57766840911885,0,0
2026-06-12 15:16:15+08:00,0.0008169172088849,0.0,0.0008821050587435,0.0002383837884748,0.0003730001808221,0.0020494074031334,0.0001065036601379,0.0,0.0004170633936648,6.75999999999e-05,0.0017519482070063,0.0018623081835459,0.0004551939245999,0.17278246759670218,61.57766840911885,0,0
2026-06-12 15:16:30+08:00,0.0008553926297511,0.0,0.0012651683534004,0.0003729146014806,0.0007110749904681,0.0023798295810534,0.000143544383799,0.0,0.0005373663872002,0.0002506886209218,0.0020234575835475,0.0023376497873985,0.0004112962747154,0.17337971327422858,61.57766840911885,0,0
2026-06-12 15:16:45+08:00,0.0010548043153666,0.0,0.0013188546607989,0.0003072773727739,0.0006472392614215,0.001951516144223,0.0001738470455109,0.0,0.0006435210497539,0.0002818583182821,0.0025456294945811,0.0026632505613231,0.0005142591828312,0.17479284535108217,61.57766840911885,0,0
2026-06-12 15:17:00+08:00,0.0011037431735436,0.0,0.0015468560004946,0.0004728537041989,0.0008175341081354,0.0026301217450842,0.0005873462371352,0.0,0.000639865151301,0.00040847292912,0.0024849523888211,0.0026855347359697,0.0005798340631481,0.20877951744242834,61.57766840911885,0,0
2026-06-12 15:17:15+08:00,0.0030430096716465,0.0,0.0020290106677022,0.0003850752878653,0.0006636285468615,0.0025755696723977,0.002863287777126,0.0255210603086833,0.0005857168200902,0.000710077806595,0.0036254858411993,0.0022993480571509,0.0006526406849588,0.9745784405034628,61.57766840911885,0,0
2026-06-12 15:17:30+08:00,0.006200578392894,0.0,0.0066462862637491,0.0003102691498765,0.0071591738744368,0.0028026845102959,0.0061526659470172,0.0359385019418379,0.0005330514757448,0.0024695121951219,0.0050103470197514,0.0026426030588107,0.0005883773893015,2.090494337937947,61.57766840911885,0,0
2026-06-12 15:17:45+08:00,0.0089204940746418,0.0,0.0117947099423379,0.0012250286572591,0.0084768701285555,0.0021729061697879,0.0078443168971214,0.0279129221736503,0.0010155982713604,0.0029866001193511,0.0039158249999999,0.0017484550805735,0.0007251297632611,2.497769703738367,61.57766840911885,0,0
2026-06-12 15:18:00+08:00,0.0074159375107401,0.0,0.0124274305654735,0.0013273577384671,0.0091037704511404,0.001955429736799,0.0115291936772933,0.0033056406069265,0.0011470817959007,0.0037149412283632,0.0069292567049808,0.0022651723837967,0.0009569910800522,2.1474420622273462,61.57766840911885,0,0
2026-06-12 15:18:15+08:00,0.0088825306505543,0.0,0.009977448636382,0.0013464994042268,0.0103259053465962,0.0016675794710298,0.0114514365770193,0.00324918343296,0.0011242973879363,0.0057378223173066,0.0073839029263622,0.0014203253325271,0.0006960534218476,2.46903677209953,61.57766840911885,0,0
2026-06-12 15:18:30+08:00,0.0054287778235293,0.0,0.0064194654336303,0.0005864414494146,0.0101711514939716,0.0031621349156057,0.0139986767624788,0.0040645405794629,0.0007402228016117,0.0063753570063192,0.0051331749999999,0.0029438949883555,0.0010163544652578,2.2227029468958794,61.57766840911885,0,0
2026-06-12 15:18:45+08:00,0.0080373395700054,0.0,0.0052360330640934,0.0007368532296246,0.0094907495665678,0.0031614652516358,0.0132726867335563,0.0043312281383598,0.0008064073902222,0.0066036851592346,0.0084384290857685,0.0029487639144983,0.0009882031445451,2.373339207176257,61.57766840911885,0,0
2026-06-12 15:19:00+08:00,0.0086318504837997,0.0,0.0061500573154533,0.0009633027522935,0.0112305446825449,0.0042883330067707,0.0110150119310793,0.0038877981610624,0.0008290642536185,0.0062962928641368,0.0106629163800727,0.0023030821709686,0.0011023104114281,3.469954725140405,61.57766840911885,0,0
2026-06-12 15:19:15+08:00,0.0064572622083309,0.0,0.0051099314328321,0.0007548881880733,0.006369680607669,0.0026121594255219,0.0110529813900493,0.0030843881104824,0.0006134715020757,0.0054337133508193,0.0073893643031784,0.0024583158694578,0.0010333157199471,1.5797637772828135,61.57766840911885,0,0
2026-06-12 15:19:30+08:00,0.0034852639919993,0.0,0.0036152291411182,0.0005829586792992,0.0041058741437114,0.0025648876017101,0.0081227582722909,0.0024818376577005,0.000576706403629,0.0051347229103262,0.0053622153626731,0.0021127292044476,0.0006743082184682,0.8356937537331679,61.57766840911885,0,0
2026-06-12 15:19:45+08:00,0.0032384776807689,0.0,0.0021724429106395,0.0002944416223297,0.0051539046277069,0.0024885737973257,0.0063935582302084,0.0024198526560682,0.0005114331355545,0.0023702868313221,0.0050141881481822,0.0019442060085836,0.0004336930986347,1.199236176664814,61.57766840911885,0,0
2026-06-12 15:20:00+08:00,0.0032494520267483,0.0,0.0062559263236144,0.0007205775279072,0.005518597979294,0.0021586360034287,0.0078665320279229,0.0031477013261757,0.0004927175114435,0.0031206946107784,0.0055166695569236,0.0017086732276461,0.0007305416094847,1.1783710014126658,61.57766840911885,0,0
2026-06-12 15:20:15+08:00,0.007189516354487,0.0,0.0065521420888317,0.000808188347603,0.0040885516457302,0.0027250761405779,0.0106735529777565,0.003312908820505,0.0006299904221272,0.0028073115590688,0.0061807906150159,0.0024784076332785,0.0009341371085971,1.564009830649495,61.57766840911885,0,0
2026-06-12 15:20:30+08:00,0.0064253143270565,0.0,0.0043080053140754,0.000710752688172,0.0062142552647284,0.0028999811699723,0.0075067894142848,0.0035641793911456,0.0004329573932219,0.0046772900045946,0.0068075036611729,0.0023552474657125,0.0007166014082876,1.3931721239749073,61.57766840911885,0,0
2026-06-12 15:20:45+08:00,0.0061778687301485,0.0,0.0050056615734365,0.0005504189944134,0.005197252042499,0.002720513883133,0.0106919084638125,0.0030743198111947,0.0005167453028898,0.0051979121270948,0.004286020716462,0.0022457407776102,0.0008528379387602,1.2819501599972292,61.57766840911885,0,0
2026-06-12 15:21:00+08:00,0.00513308524247,0.0,0.0028120837520412,0.0004436628401736,0.0067254940555861,0.0027749431006192,0.0102229111175772,0.0027554143830395,0.0005126190374514,0.0046078567967046,0.0064873703538285,0.0022958902950014,0.0007095734640793,1.6789634408225527,61.57766840911885,0,0
2026-06-12 15:21:15+08:00,0.006466459021951,0.0,0.0043080710815424,0.0008861761601313,0.0070098272966641,0.0029943209388422,0.0105178145853193,0.0026014779970416,0.0004847097458779,0.0049466836255968,0.0064873703538285,0.0023010499871167,0.0007499830028328,2.1971564212989954,61.57766840911885,0,0
2026-06-12 15:21:30+08:00,0.0065598135888153,0.0,0.0044441678326761,0.0007438692576403,0.0068265774264662,0.0030401233392972,0.0106005331375919,0.0035206607180794,0.0005724135565312,0.0045891847366311,0.0055825848888582,0.0024302373914649,0.0006509735242608,1.8433587783783019,61.57766840911885,0,0
2026-06-12 15:21:45+08:00,0.0060386546488415,0.0,0.0031197,0.0009177622377622,0.0050459591025149,0.0031065004565822,0.0111584354823617,0.0037729842931937,0.0007258172249772,0.0054352460732984,0.0068054549218507,0.0023786690453749,0.0007583473191414,2.21994297021282,61.57766840911885,0,0
2026-06-12 15:22:00+08:00,0.0041210840430728,0.0,0.0048441540041795,0.0004139318060735,0.0058591822558624,0.002897380687599,0.0111340570134038,0.0033615890460318,0.0005563884878321,0.0051985997622237,0.0071172980374258,0.0023467077476978,0.0007000068648314,2.335201801204785,61.57766840911885,0,0
2026-06-12 15:22:15+08:00,0.0037526237356923,0.0,0.0045881776314572,0.0006327552447552,0.0063903522775649,0.0030591862973697,0.0108897931291545,0.0036201259867634,0.0006847759172617,0.0052477601023953,0.0068089731729879,0.002460321654424,0.0006069121866746,25.765960839826267,61.57766840911885,0,0
2026-06-12 15:22:30+08:00,0.0048045814402698,0.0,0.0047552105439517,0.0007073910886755,0.0048756056818523,0.0029703535753245,0.0087241906498147,0.0032661423515532,0.0004791625857002,0.004715003040229,0.0055003656334332,0.0021231196477244,0.0007102445595373,8.467901968481375,61.57766840911885,0,0
2026-06-12 15:22:45+08:00,0.0047899784275614,0.0,0.0045621492431619,0.0006679072430575,0.0067501992113274,0.0029934163701067,0.0099749799184839,0.0035270780020851,0.000457948831298,0.0044527707662737,0.006045240017388,0.0023919245647969,0.0007758755816801,4.60740539867725,61.57766840911885,0,0
2026-06-12 15:23:00+08:00,0.0050169181230622,0.0,0.0036459051339528,0.0005540290880503,0.0060874261339177,0.002981597633136,0.0102333285693868,0.003243494734496,0.0004521380672859,0.0031199249999999,0.0062708817414699,0.0023886677159522,0.0005085760587044,8.357070843777223,61.57766840911885,0,0
2026-06-12 15:23:15+08:00,0.00528626347703,0.0,0.0043141928735171,0.0004430699757309,0.0070728321896444,0.0030656513042753,0.0086509987786212,0.0036924036454355,0.0007951487679027,0.0047693134551572,0.0063946330351686,0.0020731099820143,0.0007567245521848,6.571801860084183,61.57766840911885,0,0
2026-06-12 15:23:30+08:00,0.0051679886837723,0.0,0.0044869169853361,0.0005405067771554,0.0066638692003304,0.0029654184571311,0.011249471419904,0.0036031883147479,0.000805703002795,0.0045983791342065,0.0066429600620682,0.0024691747995817,0.0006064145225767,53.06657916665377,61.57766840911885,0,0
2026-06-12 15:23:45+08:00,0.0035326553381393,0.0,0.0054234279858374,0.0006715825434249,0.0072086421252986,0.0030607953097119,0.0136066245012457,0.0041324984364492,0.0007014944030999,0.0050857053160318,0.0056332938254241,0.0026988893356116,0.0010314132074741,25.238940708827545,61.57766840911885,0,0
2026-06-12 15:24:00+08:00,0.0062973555555555,0.0,0.0058272545414132,0.00030515,0.0093788460091777,0.0031805555555555,0.0125934482568921,0.0046540479352156,0.0007796453597097,0.0063877712656423,0.0071627650710887,0.0029429866613809,0.0009093815640211,17.281238796168083,61.57766840911885,0,0
2026-06-12 15:24:15+08:00,0.0058437,0.0,0.0035665999999999,0.0004872483221476,0.0071183109372965,0.0031656251044347,0.0080901,0.0038131227613903,0.0005629193166695,0.0049382366212435,0.0066758878762138,0.0023816421471002,0.000828115489454,30.11504019275518,61.57766840911885,0,0
2026-06-12 15:24:30+08:00,0.0072836360713711,0.0,0.0047245709583888,0.0007060589323022,0.007014790701739,0.0031876716755534,0.011150424102333,0.0026265606733691,0.0007907033616132,0.0048030611024751,0.0067838879539655,0.0024630708892309,0.0008398804361865,17.099037064918722,61.57766840911885,0,0
2026-06-12 15:24:45+08:00,0.0027982280397132,0.0,0.0032761934631152,0.00051805,0.0046068279780564,0.002396710289363,0.0044223666666666,0.0025260660166803,0.0008016964779642,0.0038772553445981,0.0065252033901905,0.0020932353063343,0.0005739210212642,47.17444300539631,61.57766840911885,0,0
2026-06-12 15:25:00+08:00,0.0024992835398084,0.0,0.0026494466020666,0.0006577181208053,0.007037475593626,0.0028443193110301,0.0103092260061919,0.0021580851717993,0.000375891879562,0.0048856004730339,0.0061057990261177,0.0021508675255045,0.0007894691161579,30.735910976521993,61.57766840911885,0,0
2026-06-12 15:25:15+08:00,0.0029829295278524,0.0,0.0036157532058595,0.0004184036176254,0.0065185407897374,0.0021833847122584,0.010353152983316,0.0029981395547762,0.000545301082231,0.004806552442695,0.0056363858901862,0.0021131886172929,0.000768201361009,27.98621864807835,61.57766840911885,0,0
2026-06-12 15:25:30+08:00,0.0030560610064555,0.0,0.0037438485927136,0.0005422518800974,0.0055288351264267,0.0025730895957419,0.0099196297977505,0.0029766127825175,0.0006346265054182,0.0048667759306953,0.005795819690855,0.0014168944649446,0.0008792656156455,47.33244831075044,61.57766840911885,0,0
2026-06-12 15:25:45+08:00,0.0035190032824789,0.0,0.0037064437333131,0.0005605324980422,0.0052735986058669,0.0025759384325427,0.0099196297977505,0.0028882250044222,0.0006957601922371,0.0036974821044643,0.0060854004466171,0.0020100067309849,0.0007345446205596,112.6412443722971,61.57766840911885,1,0
2026-06-12 15:26:00+08:00,0.0038344207779087,0.0,0.0037244324324324,0.0005296068214116,0.0048904692858293,0.0021292368392438,0.0057459159703491,0.0022460704446182,0.000679732482948,0.0047217597307709,0.0060390127590492,0.001630286284832,0.0007345446205596,110.5278330694214,61.57766840911885,1,0
2026-06-12 15:26:15+08:00,0.0040173683216915,0.0,0.0036672870540462,0.0004513741297178,0.0048066426480522,0.0017348102584476,0.0084260037686621,0.0030307562202341,0.0005082378146759,0.0046024526155447,0.0059022877583056,0.0020989609759325,0.0006433291261415,92.59515954499602,61.57766840911885,1,0
2026-06-12 15:26:30+08:00,0.0039892434789901,0.0,0.0042022320159226,0.0005225366976878,0.0064880146351583,0.0026756340336031,0.0104105237776349,0.0035484264454745,0.0005600020628126,0.0049086831052315,0.0064953606704579,0.0021831226511786,0.0008510254129948,41.946537822259316,61.57766840911885,0,0
2026-06-12 15:26:45+08:00,0.003670098206499,0.0,0.0046039783756705,0.0004589735416002,0.0090312818442252,0.002857221521573,0.0151505761304491,0.0034783231887225,0.0006926865902414,0.0055431075888568,0.007342095271474,0.0019690723639662,0.0009214643005065,38.295734832455885,61.57766840911885,0,0
2026-06-12 15:27:00+08:00,0.0035384108298999,0.0,0.0049465762041696,0.0007757678292555,0.0103931305513277,0.0023124074331193,0.0145507619970716,0.0037769545619397,0.0007557386833164,0.006036960642212,0.0070967021416371,0.0023739595592168,0.0008983249759948,99.88651988334018,61.57766840911885,1,0
2026-06-12 15:27:15+08:00,0.0031000208908799,0.0,0.0044995949817247,0.0007950947707085,0.0093009899049299,0.0024082352274751,0.012631657786052,0.0033209909559467,0.000530477745607,0.0044146502825045,0.0065201962455564,0.0021686272237352,0.0008252740046838,128.00761156732574,61.57766840911885,1,0
2026-06-12 15:27:30+08:00,0.0036426689730581,0.0,0.0040536619390839,0.0009863460266465,0.0065818281215832,0.0026880409742568,0.0110157979217707,0.0025981339293887,0.0006033944363662,0.0051561454383225,0.0044975488990648,0.0016307534565683,0.0008190311157989,139.65005841108012,61.57766840911885,1,0
2026-06-12 15:27:45+08:00,0.0039339734855857,0.0,0.0041012171422726,0.0007302849851127,0.0059697366804537,0.0026561761197267,0.0075423825736332,0.002275081588344,0.0006187149872052,0.0047385780240073,0.0059903008243228,0.0020959761744309,0.0007277137277137,86.03420191073613,61.57766840911885,1,0
2026-06-12 15:28:00+08:00,0.0034873057704487,0.0,0.0047353266123463,0.0005174957645652,0.0048199686167095,0.0026379611550714,0.010024790674766,0.0035143736376458,0.0007937069625095,0.0050003495924488,0.0061389908481378,0.0023103236102832,0.0008041057475019,97.24380679243231,61.57766840911885,1,1
2026-06-12 15:28:15+08:00,0.0040795430944963,0.0,0.0048736578845241,0.0009192659704451,0.00744155427961,0.0029521194683092,0.0115360095278128,0.0037810879917427,0.0007190293999194,0.0054222044793841,0.0055747786557296,0.0014268249999999,0.0007378515958827,159.35721569943283,61.57766840911885,1,1
2026-06-12 15:28:30+08:00,0.005692802088207,0.0,0.008970343068978,0.0010271051218451,0.0120948697935145,0.0032429460580912,0.0207860742062345,0.0028227690961547,0.0008301920010652,0.010715743319064,0.008775294479156,0.0025841958461077,0.0007000448489477,121.38424766027447,61.57766840911885,1,1
2026-06-12 15:28:45+08:00,0.0117078327847673,0.0,0.0103035234536639,0.0042488316203365,0.0231268666434068,0.0034102094552121,0.022045140525305,0.0036345394102909,0.0008531485005687,0.0126526790914385,0.0154034719682826,0.0031525942636158,0.0026261847259148,96.57557947214636,61.57766840911885,1,1
2026-06-12 15:29:00+08:00,0.0193434726069994,0.0,0.0202678676746554,0.0072236240628999,0.0386226572261557,0.005884115920763,0.062797438029619,0.0034078478235317,0.0035960975137385,0.0321324962974424,0.0255459191696807,0.0037827543871972,0.0049964858820927,144.06839965975217,61.57766840911885,1,1
2026-06-12 15:29:15+08:00,0.0216494052799535,0.0,0.027743041272453,0.0113195095635115,0.0524052242689145,0.0058075794408103,0.0793829148274115,0.0027457734704219,0.0051625550427078,0.0379505549612195,0.0333511487747422,0.0047423537106143,0.0061585865640866,308.711364217999,61.57766840911885,1,1
2026-06-12 15:29:30+08:00,0.0155297425756943,0.0,0.024950750357313,0.012830915231662,0.046889693605648,0.0061068984268061,0.06074695,0.0030266931392014,0.0040234881873994,0.0250689192423829,0.0326840799916457,0.0045014296551321,0.0074622127130926,556.2192430308603,61.57766840911885,1,1
2026-06-12 15:29:45+08:00,0.0067876714860958,0.0,0.01823650343616,0.0087707114624505,0.0326080450923578,0.0051033573926375,0.0707587097338935,0.002662051350988,0.0035718860469952,0.0257878194951729,0.0234938541791581,0.0035528875502678,0.0054358326819393,394.2812032726079,61.57766840911885,1,1
2026-06-12 15:30:00+08:00,0.0056250538303268,0.0,0.0127571577721559,0.0054692588039938,0.0219948230357988,0.002855348843298,0.0346857673727238,0.0018709590562634,0.0026020142949967,0.0152190881909348,0.01069960724312,0.0030607410626969,0.0037321642353567,202.7054364639097,61.57766840911885,1,1
2026-06-12 15:30:15+08:00,0.0049908941801934,0.0,0.0095781713462922,0.0032298768155911,0.01629368497812,0.0034382203653821,0.0259039694581763,0.0024892507365236,0.0014498032062973,0.0140880491505977,0.0124631031003485,0.0028432902095384,0.0022457945971771,79.93361690770294,61.57766840911885,1,1
2026-06-12 15:30:30+08:00,0.00220055,0.0,0.0077160943291023,0.0036005732301519,0.0202857471000344,0.0035274210299668,0.0259039694581763,0.0027784885146734,0.0013007219071954,0.0079510295594204,0.0104470269990868,0.0029692849373103,0.0022143697955268,65.10428634490064,61.57766840911885,1,1
2026-06-12 15:30:45+08:00,0.0033962570230276,0.0,0.0077160943291023,0.0021167292610184,0.0163058728960124,0.0025571946421414,0.0197171491323532,0.002924809771726,0.0011056442417331,0.0105096952276667,0.0095616548131823,0.0029930551048224,0.0017245532161981,61.84771971709085,61.57766840911885,1,1
2026-06-12 15:31:00+08:00,0.004473806628958,0.0,0.0044650984856439,0.0017429477916692,0.0148248785294417,0.0042079747623237,0.0156977714969018,0.0034103043855245,0.0008294184180761,0.0083457987662199,0.0084802871246578,0.0029216882983106,0.0012799189911474,138.6473409695628,61.57766840911885,1,0
2026-06-12 15:31:15+08:00,0.0049324432454676,0.0,0.0051422116388601,0.0032592211357008,0.0138775291407194,0.0035838556268536,0.0097624132319449,0.0029677398408991,0.0005936318235616,0.0073502043007545,0.009605001964122,0.0033326772554584,0.0012800194931773,254.41962872843615,61.57766840911885,1,0
2026-06-12 15:31:30+08:00,0.0038985527318052,0.0,0.0024089264803633,0.0703099028700796,0.0061151315789473,0.0027397347076715,0.0113369920566922,0.0032011239342003,0.0004338879733071,0.0050048724273179,0.005236875,0.0024019151550762,0.000959440228074,4416.842644263201,61.57766840911885,1,0
2026-06-12 15:31:45+08:00,0.0030381948171844,0.0,0.0031741961655066,0.1234506995150772,0.0032707155548376,0.0027541807655446,0.010125696481772,0.0032116994059234,0.0005817707639298,0.0047080617495711,0.0063727980414283,0.002381173221935,0.0007873536589132,14538.782221214487,61.57766840911885,1,1
2026-06-12 15:32:00+08:00,0.0019253701999634,0.0,0.0023930418123727,0.1950177903657646,0.0046657035784379,0.0018417877085986,0.0092008791119754,0.0017852999999999,0.0004817216503201,0.0041852318695276,0.0069722129028438,0.0023835953197021,0.0005829734313171,36965.09745390179,61.57766840911885,1,1
2026-06-12 15:32:15+08:00,0.0026561409461031,0.0,0.0036508411294257,0.200104967076269,0.0062012728332685,0.0026356522018024,0.0091677503259529,0.003447119302865,0.000249829359313,0.0057660159232195,0.0045220999999999,0.0012424093093768,0.0008499150176034,40156.725625570325,61.57766840911885,1,1
2026-06-12 15:32:30+08:00,0.0024416136831736,0.0,0.0037493301046029,0.1968816023333181,0.0061169985775248,0.0025478767501842,0.010736820083682,0.0032099867376797,0.0004227491663579,0.0054989957346934,0.0067908346238487,0.0021442498816848,0.000792204278698,38612.08303586693,61.57766840911885,1,1
2026-06-12 15:32:45+08:00,0.0021982698059051,0.0,0.0038628347623584,0.1966465766103263,0.0050571759104762,0.0022111316624015,0.0090458249749247,0.0028563418280367,0.0004365633601794,0.0045887928130263,0.00594815079582,0.0022550554224086,0.0007483570341217,37981.42527043268,61.57766840911885,1,1
2026-06-12 15:33:00+08:00,0.0024026645135244,0.0,0.0040279239458359,0.1381885360536383,0.0055641113645999,0.0027057812966836,0.0107048069256179,0.0034003517483964,0.000611168091168,0.0045833722559551,0.0039034096946273,0.0023016361502867,0.0007460979205856,18792.900857662764,61.57766840911885,1,1
2026-06-12 15:33:15+08:00,0.0023475064160366,0.0,0.0028849249999999,0.0746266669996503,0.0061620453581598,0.0028483308847534,0.0112280631939194,0.0037749979643351,0.0006257176816615,0.0050035052442802,0.0057046437375509,0.0024822188803931,0.0009330325039551,5433.64909749775,61.57766840911885,1,1
2026-06-12 15:33:30+08:00,0.0027935225157027,0.0,0.0045576071325855,0.010837219731439,0.0066250750116685,0.0030929797805873,0.0116630607240732,0.0031693863059337,0.0007556278229448,0.0037945237519322,0.007398064731398,0.0021840109756521,0.0010389614526919,330.71435848139265,61.57766840911885,1,0
2026-06-12 15:33:45+08:00,0.0024560309857218,0.0,0.0046149662709825,0.0008327830885975,0.0061752269644161,0.0032870578569575,0.011735632183908,0.0038878662406048,0.0007423112158094,0.0055499899281541,0.0075496803652968,0.0028649341372717,0.0005251499438832,204.5330565770071,61.57766840911885,1,0
2026-06-12 15:34:00+08:00,0.0027736769648135,0.0,0.0044015427353884,0.0006360457077792,0.0057494942063637,0.0033657141749379,0.0110617344965404,0.0037632954196126,0.0005558703775878,0.0054565086566058,0.0061549316929824,0.0029189816576604,0.0007948429261862,143.0135474397056,61.57766840911885,1,0
2026-06-12 15:34:15+08:00,0.0020694495462035,0.0,0.0045467311137963,0.0006667450680622,0.0060506771860617,0.0035060939896806,0.0082575704663963,0.0030067647080155,0.0009827375496486,0.0043612279604311,0.0070759291023442,0.0023180246868036,0.0009975877780755,103.76293687112907,61.57766840911885,1,0
2026-06-12 15:34:30+08:00,0.0025902573809368,0.0,0.0033500394208057,0.0007306525194558,0.0068466138861992,0.0035099183842855,0.0115595749435161,0.0038238545323611,0.0004105867062631,0.0051685909724642,0.0070376143860396,0.0027775653157987,0.000984627946606,121.91310763583733,61.57766840911885,1,0
2026-06-12 15:34:45+08:00,0.0028566449015661,0.0,0.0021985046103836,0.0009416346431965,0.0053906703077053,0.0035436688985009,0.0106880829958593,0.0038023736535703,0.0007858612500273,0.0041863644169671,0.0063457146220861,0.0021707561070658,0.0010736714037948,81.00373099003026,61.57766840911885,1,0
2026-06-12 15:35:00+08:00,0.0031268946511336,0.0125867610289718,0.0,0.0007992147517286,0.0044358222422738,0.0029732364629905,0.0063624084046967,0.0027864647754175,0.0007884120982986,0.0031863834676811,0.0052247253401023,0.0023934934159566,0.0006438359802411,67.49727782407705,61.57766840911885,1,1
2026-06-12 15:35:15+08:00,0.0065115434040856,0.0469266603349468,0.0,0.0014887641587809,0.0054403960735565,0.0031896264204789,0.0047767106600012,0.0034341304891259,0.0011017629796341,0.0029305042036596,0.0031612455407222,0.0024981450178912,0.000643238460404,53.79123825140187,61.57766840911885,0,1
2026-06-12 15:35:30+08:00,0.0078652595995492,0.0579063034668141,0.0,0.0048607583715622,0.0203479164017126,0.00368373282429,0.0251322878970647,0.0025403859790778,0.0018163032635029,0.0088662349597144,0.0146774554595328,0.0035356498647159,0.0005272,77.72588610617696,61.57766840911885,1,1
2026-06-12 15:35:45+08:00,0.0125853207700284,0.0543406672413969,0.0,0.0101724209650582,0.0339855199734597,0.0033467727388371,0.0594687873069664,0.0022814605474304,0.0031343184495127,0.0299210424710424,0.0232620302208446,0.0035356498647159,0.0043179916317991,237.40041338187368,61.57766840911885,1,1
2026-06-12 15:36:00+08:00,0.0111853853683448,0.0399731947345901,0.0,0.0104699903377057,0.0422946426199899,0.005283360066797,0.0505885249999999,0.0035804409371586,0.0039957668809921,0.031286066387687,0.020710275,0.0043399491740787,0.0065044004152186,265.3666376891367,61.57766840911885,1,1
2026-06-12 15:36:15+08:00,0.0106521005984083,0.0281110452981328,0.0,0.014268713240568,0.0447938746779292,0.0063049368099342,0.0834547070569327,0.0036700320908417,0.0040571557155715,0.0366344178082191,0.0321205089820359,0.0033724859233593,0.0059236474725747,376.135327537359,61.57766840911885,1,1
2026-06-12 15:36:30+08:00,0.0077076172836611,0.0180247958135071,0.0,0.0116226919989296,0.0320870126965985,0.0046048869181089,0.0708118039072484,0.0023653868349017,0.0039628136906073,0.0296083077153782,0.0240548015628212,0.0039013026355649,0.0066291926958193,270.45883855520304,61.57766840911885,1,1
2026-06-12 15:36:45+08:00,0.0056019538657257,0.0162367004800991,0.0,0.0054643204407951,0.0140399496612847,0.004588586433443,0.034057479438501,0.003296356690272,0.0024431650961662,0.0174809736218954,0.015008990777948,0.0035796552252864,0.004672116836542,97.5194246206971,61.57766840911885,1,1
2026-06-12 15:37:00+08:00,0.0035656857253651,0.0097518098345032,0.0,0.004141688234123,0.0140399496612847,0.0039375608173856,0.0239574500986849,0.0034960068266853,0.0007921342367139,0.0051778715494223,0.0122646638054363,0.0019332358593834,0.0021021830115095,131.78783468494132,61.57766840911885,1,0
2026-06-12 15:37:15+08:00,0.0028913313140055,0.0059924582754771,0.0,0.0010536072262446,0.0060948244891058,0.0028823723748077,0.0125955548442595,0.0036931716363484,0.0002870190677321,0.0058018106995884,0.0075108906577957,0.0026788576358146,0.0010747918528623,83.81071351233653,61.57766840911885,1,0
2026-06-12 15:37:30+08:00,0.0025395202299359,0.0063721695099732,0.0,0.0004744671701948,0.0047495107391479,0.0031522975032235,0.0099900550192048,0.0035701318259649,0.0004192445772513,0.0046778952259263,0.0066259205845591,0.0025769380920092,0.0008864717745883,104.1895697846597,61.57766840911885,1,0
2026-06-12 15:37:45+08:00,0.0040035925496048,0.0069941348973606,0.0,0.0005751158613654,0.0048211691705275,0.0032554362156556,0.007952969469679,0.0037329151597347,0.0004528836915,0.0048702554167325,0.0056995721527909,0.0027155006915343,0.0008720467005876,131.61867371935804,61.57766840911885,1,0
2026-06-12 15:38:00+08:00,0.0037908480855069,0.004561834258451,0.0,0.0005746580426253,0.0047372350250464,0.001940575,0.0103789679342571,0.003734088325122,0.0004333844498867,0.0044349035713609,0.0066870890674669,0.0027019074131353,0.0008074293073114,83.81660719117666,61.57766840911885,1,0
2026-06-12 15:38:15+08:00,0.0034687652239085,0.0059061153237684,0.0,0.0006257295102765,0.0049366904760227,0.0043195015497501,0.0109793140468932,0.003781695516214,0.0004697661978737,0.0043483803239352,0.006897244067873,0.002922445174465,0.0008157818971053,60.800867146922556,61.57766840911885,0,0
2026-06-12 15:38:30+08:00,0.0026690684193337,0.0045979281582133,0.0,0.0005996762752612,0.0057987654320987,0.0032727990134757,0.0113928302130685,0.0034692449966802,0.0004509166245091,0.0043209739314542,0.0054673247616467,0.0028074690357,0.0007842747867019,42.99241760034423,61.57766840911885,0,0
2026-06-12 15:38:45+08:00,0.0026815489059932,0.0050633476786645,0.0,0.0009096110449723,0.0059556733989647,0.0035145360885783,0.0099069858378432,0.0035540576316057,0.000762434633519,0.0053854018807665,0.0070696641386782,0.0028827923145581,0.0010580414746543,68.30165540513016,61.57766840911885,1,0
2026-06-12 15:39:00+08:00,0.0023499081019323,0.0050686459266582,0.0,0.000823814849216,0.0056928267375504,0.0034523244683064,0.0116024848637739,0.0036262471625402,0.0007240048053807,0.0039759249999999,0.0067424016357206,0.0027067578342071,0.0009772958026398,74.55754548674467,61.57766840911885,1,0
2026-06-12 15:39:15+08:00,0.0020260483852716,0.0049653658327621,0.0,0.0010393153502446,0.0057908803911795,0.0023409863243697,0.0106285273666838,0.0036681004747798,0.0008460285563194,0.0054338316315286,0.0066417831427361,0.0026560895638293,0.0010829150728547,72.66479062755238,61.57766840911885,1,0
2026-06-12 15:39:30+08:00,0.0024712433476483,0.0044689397477814,0.0,0.0005439142269873,0.005604900459418,0.0030027542204961,0.0111996145816605,0.0031801721824225,0.0005519423221779,0.0048446052929201,0.0062593121747116,0.0024759716038984,0.0008532498307379,85.62991681588072,61.57766840911885,1,0
2026-06-12 15:39:45+08:00,0.0025245076232458,0.0045932835820895,0.0,0.0004241632360836,0.0056117601423811,0.0029037264159816,0.0100734667103968,0.0019173386328858,0.0005864859777903,0.0024291477281745,0.0063023471217704,0.0023013980635236,0.0007593646512919,47.06073902593486,61.57766840911885,0,0
2026-06-12 15:40:00+08:00,0.0026577456899234,0.0052385488929012,0.0,0.0004530367538447,0.0056620132911109,0.0028403231382252,0.0103054813624223,0.0031916164226241,0.000502853067047,0.0045532685103337,0.0061604815461447,0.0021497258272817,0.0006521607354835,47.84732392067761,61.57766840911885,0,0
2026-06-12 15:40:15+08:00,0.0021647378552824,0.0069417321771989,0.0,0.0005069355823115,0.0053878341433779,0.0029075864723144,0.0096532521383786,0.0033567504882812,0.0004418556931801,0.0052016808673647,0.0063051955772202,0.0022175104682146,0.0006381411359724,32.788738303352964,61.57766840911885,0,0
2026-06-12 15:40:30+08:00,0.0021805827165383,0.0066011893410079,0.0,0.0005734500574052,0.0055357024165598,0.0028748673270829,0.0101417607138131,0.0027220186427811,0.0003429644243619,0.0052016808673647,0.006226200747771,0.0022267117834394,0.0006058036408899,36.200825282124136,61.57766840911885,0,0
2026-06-12 15:40:45+08:00,0.0020524377888156,0.0060415069805639,0.0,0.000507544299634,0.0050052460437893,0.0029420252330289,0.009366777942631,0.0030884969529825,0.0003299160963317,0.0043514055657578,0.0061470503672338,0.0022727957799548,0.0004533058622946,30.84065686488008,61.57766840911885,0,0
2026-06-12 15:41:00+08:00,0.0024968797581008,0.0041906629603083,0.0,0.0006335417874595,0.0063043401630315,0.0036286031766782,0.012500056208827,0.0037964586047613,0.0004295240019628,0.0059096476884198,0.0060738180744822,0.0028921893364675,0.0009094994231119,13.6326545132821,61.57766840911885,0,0
2026-06-12 15:41:15+08:00,0.0019112003719243,0.00302085,0.0,0.0007367082407023,0.0051117269577824,0.0023867333333333,0.0099335848571404,0.002899590115021,0.0004055782447616,0.0039714999999999,0.0061693075962739,0.002230999534462,0.0007754641509433,15.234380573106577,61.57766840911885,0,0
2026-06-12 15:41:30+08:00,0.0026664433464533,0.0037998821559263,0.0,0.0007439175918874,0.0052179537013043,0.0028333656080557,0.0120714808677892,0.0029989636686131,0.0005067253656854,0.0060369067758881,0.0061234202056676,0.0031204982337018,0.0010369240397402,13.182210416996321,61.57766840911885,0,0
2026-06-12 15:41:45+08:00,0.0023100061068161,0.0024886246880962,0.0,0.0005322019499171,0.0038158604255706,0.0019783924277212,0.0105573550730314,0.0022571400554285,0.0003331703037734,0.0037284048057528,0.0061396196332991,0.0024922577292803,0.0008741753570766,8.146910125262224,61.57766840911885,0,0
2026-06-12 15:42:00+08:00,0.0051439000438132,0.0034293059125963,0.0,0.0003222641132555,0.0056816893512317,0.0032381731743434,0.0076727623710868,0.0032372840854782,0.0005036097389881,0.0035492328574797,0.0063723450590556,0.0024552391829106,0.0007020622382441,5.637885060174963,61.57766840911885,0,0
2026-06-12 15:42:15+08:00,0.0047755024179948,0.0035958202525263,0.0,0.0003681001633096,0.0060032310490268,0.0032248675986449,0.0100253317929499,0.0033062200956937,0.0005140055138161,0.0045754758404765,0.0067892758302582,0.0025250122781168,0.0007951056819095,1.4247523652412832,61.57766840911885,0,0
2026-06-12 15:42:30+08:00,0.0019676113360324,0.0040598871391851,0.0,0.0005321628835181,0.0049812214972652,0.0021556659489828,0.008225841557089,0.0030772730947504,0.0003851279049711,0.0051661722179082,0.0061255788867016,0.001887561368226,0.0006455886852842,3.118238746540129,61.57766840911885,0,0
2026-06-12 15:42:45+08:00,0.0025307444106272,0.0043207637421772,0.0,0.000416437070707,0.0056683025316743,0.0029580458889059,0.0126482241120559,0.0037570686561526,0.0004917462074053,0.004151375,0.0075868006345848,0.002588222266516,0.0009515044930015,4.036950436329501,61.57766840911885,0,0
2026-06-12 15:43:00+08:00,0.0024469756350125,0.0041680261610817,0.0,0.0003798227458473,0.0062964104822725,0.0028752041877042,0.0124902477858493,0.0038002664619275,0.0004324682862117,0.0065378330957341,0.0077838735039748,0.0021786547398418,0.0007992142989366,3.276403007286632,61.57766840911885,0,0
2026-06-12 15:43:15+08:00,0.0025376567678211,0.0033651649394717,0.0,0.0005694389612668,0.0060166017070402,0.0022398845041689,0.0123434078296085,0.0034184194602444,0.0004074478687519,0.0055415859011206,0.0066525323910482,0.0017076865652313,0.0007485698569856,3.409400965815056,61.57766840911885,0,0
2026-06-12 15:43:30+08:00,0.0022155990510082,0.0041932933913479,0.0,0.001214489750196,0.0062173302778573,0.0029303094233473,0.0117037649109101,0.003412242182302,0.0003877302933708,0.0055100962544465,0.0068233127220102,0.0021639226914817,0.0008162075575746,2.1026515460758457,61.57766840911885,0,0
2026-06-12 15:43:45+08:00,0.0019152051936218,0.0048176798366153,0.0,0.0010969827987848,0.0066449019277874,0.0029755121543331,0.0120650360843559,0.0035562799927106,0.0005157919671527,0.0057664405780006,0.0069679230872905,0.0023819422638112,0.0009068414141154,1.8570052282566303,61.57766840911885,0,0
2026-06-12 15:44:00+08:00,0.0023523597290558,0.0036357671304426,0.0,0.0011281077552957,0.0062813911661369,0.0031628167400192,0.0121165074077321,0.0036310318796817,0.0004825109682072,0.005865987529639,0.007331390328152,0.0026415064975488,0.0007644792053206,1.5334977619355037,61.57766840911885,0,0
2026-06-12 15:44:15+08:00,0.0021443110595909,0.0043556277695716,0.0,0.0007025971411314,0.0064191768268387,0.0033598700741558,0.0093310176530441,0.0033334440987221,0.0003337349751667,0.0058300671814456,0.0071929057961701,0.0025171661700843,0.000803023970051,1.4507084040401583,61.57766840911885,0,0
2026-06-12 15:44:30+08:00,0.0021177480018805,0.003802056965179,0.0,0.0006232403090299,0.005572730943324,0.0025355804496325,0.0109328116200943,0.0030936459175424,0.0003262512633475,0.0052611104796544,0.006437388648511,0.0022642548853753,0.0007860458493521,1.1977950018034278,61.57766840911885,0,0
2026-06-12 15:44:45+08:00,0.0020922025780094,0.0029289112585883,0.0,0.0007538767110041,0.0064129059647632,0.0029914513135351,0.0119409887484727,0.0027524117961088,0.0004399470626654,0.0055568191633316,0.0065818181818181,0.0021758904109589,0.0008058928157141,1.0450095694865964,61.57766840911885,0,0
2026-06-12 15:45:00+08:00,0.0023442270945373,0.0042042450241931,0.0,0.0008463871308016,0.0053166614803775,0.00274903247121,0.011431281647735,0.0022982536024991,0.0003995355477627,0.0041264244504505,0.0063810363382409,0.0021268553712865,0.000731192221868,1.253980030766812,61.57766840911885,0,0
